,station_naam,postcode_gebied_station,postcode_aangrenzende_postcode_gebieden,pop_density_zone0,pop_density_zone1
0,'t Harde,8084,"['8072', '8081', '8084', '8085', '8096', '8162']",28.675240093598674,40.25172296439475
1,'t Hout,5707,"['5673', '5674', '5701', '5702', '5706', '5707', '5708', '5731', '5735']",140.71396098976032,194.70271246208387
2,Abcoude,1391,"['1105', '1106', '1107', '1108', '1109', '1191', '1383', '1391', '1393', '1396', '3632', '3645', '3646']",33.9886839286401,131.05800157819624
3,Akkrum,8491,"['9001', '8467', '8468', '8491', '8493', '8494', '8495', '9011']",28.22784339024464,12.540702800459842
4,Alkmaar,1815,"['1811', '1814', '1815', '1816', '1817', '1823', '1824', '1851']",424.1248821303422,438.2292084213424
5,Alkmaar N,1824,"['1815', '1817', '1822', '1823', '1824', '1825', '1826']",662.2246761903358,401.85282509842983
6,Almelo,7604,"['7602', '7604', '7605', '7606', '7607', '7609', '7641', '7642']",111.70403114754869,179.6880068940521
7,Almere C,1315,"['1312', '1314', '1315', '1324', '1325']",504.07833970432347,378.47915506323125
8,alphen-aan-den-rijn,2405,"['2401', '2404', '2405', '2406', '2407', '2408', '2409', '2771']",470.2429774506318,198.0612689311108
9,Amersfrt C,3818,"['3768', '3707', '3769', '3811', '3812', '3817', '3818', '3819', '3832', '3931']",101.37873153009237,175.33638929500444
10,Amstel,1097,"['1078', '1079', '1091', '1092', '1093', '1096', '1097', '1098', '1111', '1112', '1115']",510.2330262596662,837.9423413701023
11,Amsterdm C,1012,"['1011', '1012', '1013', '1015', '1016', '1017', '1021', '1031']",725.3580701684863,920.1470307600719
12,Amsterdm Z,1077,"['1071', '1075', '1076', '1077', '1078', '1081', '1082', '1083']",563.5775997298479,758.2192423592182
13,Anna Paulo,1761,"['1756', '1757', '1759', '1761', '1764', '1766', '1774', '1778']",23.3150717490879,13.85153247971985
14,Apeldoorn,7311,"['7311', '7312', '7314', '7315', '7316', '7317', '7321', '7322', '7328', '7331', '7332', '7335']",583.532873110919,342.84812819943636
15,Arnemuiden,4341,"['4332', '4338', '4339', '4341', '4351', '4456', '4458', '4471', '4493']",26.625303357045368,20.34399279717975
16,Arnhem C,6814,"['6812', '6811', '6813', '6814', '6815', '6816', '6821', '6828']",258.10001106142903,383.9931773897798
17,Arnhem Z,6843,"['6841', '6842', '6843', '6844', '6845', '6846']",494.1322084233751,354.42362408447576
18,Assen,9401,"['9401', '9402', '9403', '9404', '9405', '9406']",196.37781051256306,172.24852380478828
19,Baarn,3743,"['3741', '3742', '3743', '3744', '3761', '3762']",149.52423955891007,208.70495993266454
20,barendrecht,2991,"['2988', '2991', '2992', '2995', '3076', '3079', '3274']",165.4366118581891,229.03132005031065
21,Beilen,9411,"['7991', '9411', '9412', '9413', '9414', '9415', '9417', '9418', '9423', '9431', '9433', '9434', '9435']",16.79701955115463,42.80245978397351
22,Bergen opZ,4621,"['4611', '4615', '4621', '4622', '4623', '4624']",698.5908765225698,302.9920426446531
23,Best,5683,"['5626', '5627', '5651', '5657', '5681', '5682', '5683', '5684']",148.76500637946188,120.60035989320899
24,Beverwijk,1948,"['1948', '1566', '1941', '1942', '1946', '1947', '1951', '1967', '1981']",81.38015382523561,295.37649387006985
25,Bijlmer A,1101,"['1101', '1102', '1105', '1106', '1114', '1115', '1191']",4.211847972682397,276.3775163515023
26,Bilthoven,3723,"['3721', '3722', '3723', '3734', '3737', '3738', '3739', '3749']",91.93342226855818,96.02770393832294
27,rotterdam-blaak,3011,"['3011', '3012', '3013', '3015', '3016', '3031', '3032', '3061', '3063', '3071', '3072']",999.0363170120828,803.107580591401
28,Blerick,5928,"['5911', '5914', '5916', '5921', '5922', '5925', '5927', '5928', '5941', '5963', '5971', '5975', '5993']",4.336089254707592,184.1547049708933
29,Bloemendl,2061,"['2023', '2024', '2051', '2061', '2071', '2082']",150.30441487026872,299.77572039102546
30,bodegraven,2411,"['2407', '2411', '2412', '2415', '2421', '2471', '2771', '2811', '3443', '3465', '3474']",66.1575766623654,74.2072330347611
31,Borne,7621,"['7495', '7555', '7559', '7621', '7622', '7625', '7627']",108.81425230273855,104.5290425747794
32,boskoop,2771,"['2391', '2405', '2407', '2409', '2411', '2741', '2742', '2771', '2811']",94.38117966744565,95.51151975488206
33,Boven-Har,3371,"['3313', '3361', '3364', '3370', '3371', '3372', '3373', '3381']",214.35622864895717,394.3081930428611
34,Bovenk Flo,1611,"['1601', '1602', '1606', '1611', '1613', '1619']",174.3635898913983,117.52454031790008
35,Bovenk-Gr,1611,"['1601', '1602', '1606', '1611', '1613', '1619']",174.3635898913983,117.52454031790008
36,Boxtel,5281,"['5062', '5281', '5282', '5283', '5298', '5688']",28.326564814233336,45.94651080847774
37,Brandevrt,5707,"['5673', '5674', '5701', '5702', '5706', '5707', '5708', '5731', '5735']",140.71396098976032,194.70271246208387
38,Breda,4811,"['4812', '4811', '4814', '4815', '4816', '4817', '4818', '4819']",675.8240291305659,425.6882650195582
39,Breukelen,3621,"['1231', '3455', '3601', '3603', '3605', '3607', '3612', '3621', '3625', '3626', '3628', '3631']",49.759772942758055,147.39109360810912
40,Brouwhuis,5709,"['5709', '5702', '5703', '5704', '5705', '5735', '5751', '5752', '5756', '5761']",243.56647903848756,118.36617457860544
41,Brummen,6971,"['6964', '6971', '6974', '6975', '7205', '7206', '7207', '7221', '7226']",27.73210206944962,65.7808258886276
42,Buiten,1334,"['1333', '1334', '1335', '1338']",441.45200641621847,382.97645685992353
43,Bunnik,3981,"['3584', '3585', '3703', '3704', '3709', '3981', '3984', '3992', '3993', '3994']",49.90806897917641,172.3662806158777
44,Bussum Z,1403,"['1222', '1251', '1272', '1402', '1403', '1404', '1406']",443.4965113656619,319.87640863092355
45,Castellum,3995,"['3991', '3992', '3993', '3994', '3995']",804.041940566089,413.7758700365741
46,Castricum,1901,"['1901', '1852', '1902', '1906', '1935', '1968', '1969']",58.227839305061515,66.10569449906365
47,Colmschate,7422,"['7418', '7421', '7422', '7423', '7429']",384.10340623522677,300.6471618814759
48,Culemborg,4104,"['4101', '4103', '4104', '4105', '4107']",4.554198088261497,91.8864289071713
49,De Klomp,6745,"['3902', '3905', '3907', '6718', '6744', '6745']",18.83655701765046,153.20764506135535
50,de Riet,7606,"['7601', '7604', '7605', '7606', '7607', '7609']",428.2657851529255,244.92746897467407
51,de-vink,2253,"['2245', '2251', '2252', '2253', '2254', '2324', '2331']",254.85939282475215,285.13775789496964
52,delft,2611,"['2288', '2289', '2611', '2612', '2613', '2624', '2627', '2628']",917.6933353124534,515.7153958179539
53,delft-campus,2624,"['2611', '2613', '2614', '2622', '2623', '2624', '2625', '2627']",1043.2771954498066,666.089913561802
54,Den Bosch,5211,"['5211', '5212', '5213', '5215', '5216', '5222', '5223', '5261', '5264']",518.9127519513156,257.7884407988529
55,Den Dolder,3734,"['3768', '3712', '3722', '3723', '3734', '3735', '3744', '3749', '3763', '3766']",67.96094856990311,68.10503309277051
56,den-haag-centraal,2595,"['2515', '2593', '2273', '2274', '2511', '2516', '2594', '2595']",772.7485896420484,812.9397294613648
57,Den Helder,1781,"['1781', '1782', '1785', '1786']",230.65142902373663,218.81387969563795
58,Deurne,5753,"['5751', '5752', '5753', '5754', '5756', '5757', '5759', '5766']",28.54654844625311,42.427856657667036
59,Deventer,7411,"['7411', '7412', '7413', '7417', '7418', '7419']",650.3981273685599,388.5790176408174
60,Diemen,1111,"['1087', '1095', '1097', '1098', '1111', '1112', '1113', '1382', '1398']",177.4434702102235,379.571730015396
61,Diemen Z,1112,"['1097', '1102', '1103', '1104', '1108', '1109', '1111', '1112', '1115', '1382']",253.25541066589543,396.9511960057381
62,Dieren,6953,"['6951', '6952', '6953', '6955', '6956', '7225']",106.32444905629528,100.60147169697893
63,Dn Bosch O,5231,"['5212', '5213', '5221', '5222', '5231', '5232', '5233', '5234', '5235', '5237']",254.8961811478301,271.1374541334656
64,den-haag-hs,2515,"['2512', '2515', '2511', '2516', '2521', '2525', '2526', '2595']",1503.2915700748626,1264.3505778526937
65,Dn Heldr Z,1784,"['1782', '1783', '1784', '1785', '1786', '1787', '1789']",134.4551963133554,125.30297113446008
66,dordrecht-zuid,3317,"['3312', '3314', '3316', '3317', '3318', '3328']",413.5407642515604,400.018463648715
67,dordrecht,3314,"['3311', '3312', '3314', '3316', '3317', '3318']",710.1935936770833,434.17570680922273
68,Driebergen,3972,"['3708', '3709', '3941', '3945', '3947', '3971', '3972', '3984', '3985']",74.91723759007394,60.880734588604
69,Driehuis,1985,"['1971', '1981', '1985', '2071']",251.81196035819934,199.47408677388398
70,Dronten,8251,"['8219', '8251', '8252', '8253', '8254', '8255', '8256', '8264', '8265']",9.308917498112265,102.72056209375374
71,Duivendrt,1115,"['1096', '1097', '1101', '1102', '1112', '1114', '1115']",371.3676660541299,304.709326607645
72,Dukenburg,6538,"['6534', '6535', '6536', '6537', '6538', '6544', '6545', '6546']",438.3234505880052,337.17392063764464
73,Ede-Wag,6711,"['6711', '6712', '6713', '6717', '6718', '6721']",154.62714777841094,291.76168056101943
74,Eindhovn C,5611,"['5611', '5612', '5613', '5614', '5615', '5616']",676.6106230409555,604.1914279252015
75,Elst,6662,"['6661', '6515', '6662', '6675', '6677', '6681', '6684']",62.954649901294125,56.53220553680938
76,Enkhuizen,1601,"['1601', '1602', '1611', '1619', '8242']",106.37633087133061,118.6586590297389
77,Enschede,7511,"['7511', '7512', '7513', '7514', '7531', '7533', '7535']",747.8118478442649,444.75990037488543
78,Ermelo,3853,"['3844', '3845', '3851', '3853', '3881', '3882']",61.86096364257761,137.20579740036885
79,Etten-Leur,4872,"['4839', '4841', '4871', '4872', '4873', '4874', '4875']",211.5017514124565,132.43164891939355
80,Europapark,9722,"['9721', '9722', '9723', '9724', '9725', '9751', '9752']",402.3432388117531,457.42696099136356
81,Geldermlsn,4191,"['4014', '4016', '4116', '4117', '4158', '4181', '4191', '4194', '4196', '4197']",87.74249118674972,28.885413483221033
82,Geldrop,5663,"['5591', '5647', '5661', '5662', '5663', '5664']",240.02382603856836,145.4457808867678
83,Gilze-Rij,5121,"['4849', '5032', '5035', '5045', '5107', '5121', '5122', '5124', '5125', '5126']",65.86699665670037,154.53075308246292
84,Goes,4462,"['4421', '4431', '4444', '4458', '4461', '4462', '4472', '4481', '4482']",92.12014407618258,75.17350297563105
85,Goffert,6534,"['6532', '6534', '6535', '6538', '6543', '6544']",152.04448543541483,429.23065921487887
86,gouda,2801,"['2741', '2801', '2802', '2803', '2805', '2806', '2808', '2809']",545.2083989571674,333.3478992995728
87,gouda-goverwelle,2807,"['2805', '2806', '2807', '2808', '2811', '2851']",748.9460846970209,327.16045197161077
88,Groningen,9726,"['9711', '9718', '9724', '9725', '9726', '9727', '9743']",730.8470675488935,816.5559119974015
89,Grou-Jirns,9001,"['9001', '8491', '8494', '8497', '9003', '9005', '9007', '9008', '9009', '9011', '9216']",22.79126622795729,11.477175547998604
90,Haarlem,2011,"['2011', '2012', '2013', '2014', '2019', '2021', '2022', '2023', '2031', '2032']",847.7514606653158,820.6237355468172
91,Halfweg-Zw,1165,"['1047', '1067', '1161', '1165', '2064', '2065']",31.835992903060767,66.47859837251413
92,Harderwijk,3844,"['3841', '3842', '3843', '3844', '3845', '3853']",386.89362187820484,288.7808357615566
93,Haren,9751,"['9722', '9723', '9751', '9752', '9753', '9756']",119.20336243258649,132.35368461943972
94,Heemskerk,1966,"['1965', '1946', '1966', '1967']",819.0480770001361,556.3143578164253
95,Heemstede,2106,"['2012', '2014', '2101', '2105', '2106', '2111', '2114', '2121']",311.5579582007107,334.1196353727463
96,Heerenveen,8447,"['8441', '8442', '8446', '8447', '8461', '8465', '8466', '8467', '8469']",64.7791359836458,134.18130427714738
97,Heerhugow,1703,"['1645', '1702', '1703', '1704', '1705', '1711', '1812', '1822', '1829', '1841', '1842']",171.67315549107684,141.630156744138
98,Heerlen,6411,"['6367', '6411', '6412', '6415', '6416', '6417', '6419']",215.36665510042113,226.04035292316576
99,Heeze,5591,"['5553', '5583', '5591', '5595', '5647', '5661', '5663', '5664', '5665', '5715', '5731', '6029']",23.40023897285758,83.89108037632374
100,Heiloo,1851,"['1812', '1814', '1815', '1816', '1851', '1852', '1853', '1906', '1921', '1934']",106.23634867150408,224.82039064366472
101,Helmond,5701,"['5701', '5702', '5703', '5705', '5706', '5707']",632.0478519683413,249.2232700748231
102,Hengelo,7553,"['7551', '7552', '7553', '7554', '7555']",333.2578575954236,223.122910506551
103,hillegom,2182,"['2114', '2121', '2144', '2161', '2165', '2181', '2182', '2191']",134.0359443292625,112.18740223233519
104,Hilversum,1211,"['1217', '1211', '1212', '1213', '1214', '1215', '1221', '1222']",919.4732515582328,558.899287345506
105,Hol Rading,3739,"['1213', '1231', '3612', '3615', '3625', '3723', '3738', '3739', '3749']",18.27950040120555,30.84842201944968
106,Holendrcht,1105,"['1101', '1102', '1105', '1106', '1107', '1191', '1391']",19.071964366187867,310.85214596910254
107,Holten,7451,"['7216', '7435', '7437', '7441', '7448', '7451', '7462', '7475', '8112']",14.20508795051945,21.082228373290114
108,Hoofddorp,2132,"['1118', '1171', '1175', '1435', '1437', '2131', '2132', '2133', '2135', '2152', '2153']",78.67902828941342,118.1073897983075
109,Hoogeveen,7901,"['7901', '7902', '7903', '7906', '7907', '7908', '7909', '7931', '7934']",149.52493791154959,149.8590153730253
110,Hoogkrspl,1616,"['1606', '1607', '1614', '1616', '1617', '1681', '1693']",91.4046745135617,40.476927551878326
111,Hoorn,1621,"['1621', '1622', '1623', '1624', '1627']",396.69657349767226,306.54877751216986
112,Hoorn Kers,1628,"['1695', '1623', '1624', '1627', '1628', '1689', '1696', '1697']",607.33716845269,225.59897739111463
113,Horst-Sev,5975,"['5928', '5963', '5975', '5976', '5977', '5993']",25.155213499841654,15.771445321408743
114,Houten,3995,"['3991', '3992', '3993', '3994', '3995']",804.041940566089,413.7758700365741
115,Kampen Z,8265,"['8251', '8261', '8263', '8264', '8265', '8266', '8274', '8278']",106.51229523799812,138.5863863947741
116,Kapelle-Bi,4421,"['4401', '4421', '4423', '4424', '4431', '4462', '4474', '4481', '4482']",39.49295394976641,38.4191887811926
117,Kogerveld,1508,"['1502', '1503', '1506', '1508', '1509', '1511', '1541']",309.58265231729683,396.1240975222509
118,Koog Zaan,1541,"['1506', '1507', '1508', '1509', '1541', '1544', '1551']",352.8321675144352,265.68915480262046
119,Krabbendke,4413,"['4411', '4413', '4414', '4415', '4416']",40.608146857065414,25.302910727514906
120,Krommenie,1567,"['1561', '1562', '1566', '1567', '1911']",600.6055967790237,281.7866007330789
121,Kruiningen,4416,"['4401', '4413', '4414', '4415', '4416', '4417']",32.51561092926722,33.86611232735017
122,den-haag-laan-van-noi,2595,"['2515', '2593', '2273', '2274', '2511', '2516', '2594', '2595']",772.7485896420484,812.9397294613648
123,Lage Zwalu,4926,"['4251', '4765', '4766', '4781', '4924', '4926', '4927']",17.890050943140842,10.727434260476594
124,lansingerland-zoetermeer,2712,"['2719', '2665', '2711', '2712', '2713', '2718', '2722']",252.74937016875103,383.64967005907096
125,Leeuwarden,8932,"['8911', '8912', '8931', '8932', '8933', '8934']",598.1852767803275,389.7690153159247
126,leiden-centraal,2312,"['2311', '2312', '2315', '2316', '2321', '2332', '2333', '2334']",1125.6658854860602,657.7541235076712
127,leiden-lammenschans,2313,"['2311', '2313', '2314', '2315', '2321', '2322']",840.2719937009729,623.2924289527658
128,LeidscheRn,3541,"['3528', '3533', '3541', '3542', '3543', '3544', '3545']",359.7940056100757,286.21088661851866
129,Lelylaan,1065,"['1062', '1064', '1065', '1066', '1068']",748.7984683555546,666.9940786983441
130,Lelystad C,8232,"['8224', '8231', '8232', '8233', '8242', '8243', '8245']",416.11315039005905,186.11764739661933
131,Lent,6663,"['6511', '6515', '6522', '6541', '6576', '6663', '6681', '6684']",172.64340211891206,205.79786865704534
132,rotterdam-lombardijen,3079,"['2988', '2991', '3075', '3076', '3077', '3078', '3079']",525.8510484072907,404.3433108733858
133,Lunetten,3524,"['3439', '3523', '3524', '3525', '3582', '3585', '3992']",414.20413429183293,423.33705821960575
134,Maarheeze,6026,"['5595', '5712', '6021', '6026', '6027', '6029', '6031']",26.519267140052584,20.117975151323233
135,Maarn,3951,"['3711', '3931', '3941', '3951', '3953', '3971']",38.905398281960885,37.995018953208266
136,Maarssen,3605,"['3603', '3605', '3606', '3607', '3608', '3621']",701.369676519067,326.0267790874852
137,Maastricht,6221,"['6211', '6212', '6221', '6222', '6224', '6229']",623.9943991444565,337.3998111822477
138,den-haag-mariahoeve,2591,"['2591', '2245', '2261', '2272', '2592', '2594']",744.5947460818786,380.57131759890103
139,Media Park,1217,"['1217', '1211', '1215', '1216', '1218', '1222', '1243', '1406']",102.94261221686074,316.66916769602943
140,Meppel,7943,"['7941', '7942', '7943', '7944', '7949', '7951', '7961', '7965', '7966']",114.70904359297916,106.76608601430749
141,Middelburg,4337,"['4331', '4336', '4337', '4338', '4339', '4389']",272.7994936336798,175.67164068504653
142,den-haag-moerwijk,2524,"['2523', '2524', '2283', '2284', '2521', '2531', '2532']",1627.5822329824136,1110.557376032299
143,Muiderprt,1093,"['1018', '1019', '1092', '1093', '1094', '1097', '1098']",1661.3246556237918,1180.7673816206225
144,Muziekwijk,1323,"['1311', '1312', '1321', '1323', '1324']",633.8920273897082,429.83834226687634
145,Naarden-Bu,1404,"['1401', '1402', '1403', '1404', '1405', '1406', '1412']",580.7513744449194,392.08940383550737
146,nieuwerkerk-a-d-ijssel,2911,"['2841', '2904', '2905', '2907', '2908', '2911', '2912', '2914', '2935']",65.71033281100988,284.82419003880176
147,Nijkerk,3862,"['3781', '3784', '3785', '3861', '3862', '3863', '3864', '3881', '3882']",43.72596386989949,74.33415463815757
148,Nijmegen,6512,"['6511', '6512', '6524', '6531', '6541', '6542']",1126.7892180356698,702.4957055500569
149,Nunspeet,8072,"['8071', '8072', '8076', '8084', '8085', '8162']",35.581087243335844,28.921775299486878
150,Nw Vennep,2153,"['1435', '2132', '2151', '2152', '2153', '2154', '2155', '2156', '2157']",17.62047610033159,62.693937887970456
151,Obdam,1713,"['1643', '1701', '1704', '1711', '1713', '1715', '1716']",52.53823576604297,61.514531640644826
152,Oisterwijk,5061,"['5059', '5061', '5062', '5063', '5071', '5074', '5076']",221.45584022547706,76.9747082271165
153,Olst,8121,"['7431', '8121', '8124', '8131', '8167', '8194', '8196']",20.307283520083107,14.59776620820332
154,Oosterbeek,6861,"['6812', '6862', '6813', '6816', '6861', '6865', '6874']",130.90119075907344,108.80361747996942
155,Oostvaard,1335,"['1339', '1331', '1332', '1333', '1334', '1335', '1336', '1338']",406.16629765073674,235.59999677910196
156,Oss,5348,"['5347', '5341', '5342', '5346', '5348', '5349', '5351']",499.35515910997736,204.86558810092222
157,Oss W,5344,"['5342', '5343', '5344', '5345', '5386']",389.9193629167141,166.3908677689883
158,Osseveld,7325,"['7321', '7322', '7323', '7325', '7326', '7341', '7381', '7382', '7384', '7395']",116.29919314860771,178.088680389834
159,Oudenbosch,4731,"['4731', '4735', '4741', '4744', '4751', '4758']",105.19501605645833,45.032267360482585
160,Overvecht,3561,"['3515', '3552', '3561', '3562', '3566', '3571']",882.513969020103,726.0652346613427
161,Overveen,2051,"['1974', '1976', '2015', '2023', '2041', '2042', '2051', '2061', '2071', '2111', '2116']",22.07401715194988,168.93045174438404
162,Overwhere,1443,"['1441', '1442', '1443', '1445', '1446', '1447']",635.9750624140929,358.93703224586415
163,Parkwijk,1326,"['1318', '1325', '1326', '1327', '1328', '1329']",555.0159905001914,332.6302407282948
164,Passewaaij,4014,"['4006', '4007', '4013', '4014', '4016', '4061', '4062', '4185', '4191', '4194']",16.5845546936501,72.24633785799354
165,Poort,1361,"['1309', '1361', '1362', '1363']",93.92541453411636,99.46620028965421
166,Presikhaaf,6824,"['6822', '6823', '6824', '6825', '6826', '6828', '6881', '6882', '6891']",412.9081963310275,397.55664568614606
167,Prinsenbk,4823,"['4772', '4822', '4823', '4824', '4841', '4844']",115.47099249149389,119.92283084800528
168,Purmerend,1441,"['1121', '1441', '1442', '1443', '1445', '1447', '1448', '1452', '1456', '1461']",506.9700774835087,267.4952865798058
169,Putten,3882,"['3382', '3853', '3861', '3862', '3881', '3882']",25.3458025173027,93.4080513199042
170,RAI,1083,"['1077', '1078', '1079', '1082', '1083', '1096', '1183']",389.64767646938185,637.0415049905615
171,Ravenstein,5371,"['5352', '5355', '5356', '5358', '5371', '5373', '6606', '6634']",172.7658496213137,30.48008702012452
172,Reeshof,5045,"['5035', '5036', '5043', '5044', '5045', '5047', '5104', '5107', '5121', '5125']",356.72217165497665,215.90382458946374
173,Rheden,6991,"['6881', '6883', '6961', '6988', '6991', '6994']",67.72958661863528,50.61523024567595
174,Rhenen,3911,"['3902', '3903', '3904', '3906', '3911', '3912', '3921', '3959', '4033', '4041', '4043', '6701', '6702', '6709', '6721']",44.699968203301964,130.71808999386656
175,Rijssen,7461,"['7461', '7462', '7463', '7466', '7467', '7468', '7475', '7642']",91.39028145725072,79.43502166774869
176,rijswijk,2283,"['2522', '2523', '2524', '2282', '2283', '2284', '2288']",337.4657776995478,1068.4819365938777
177,Rilland-Ba,4411,"['4411', '4413', '4414', '4617', '4634', '4641', '4691']",5.489439077567411,24.321761633552462
178,Roermond,6041,"['6041', '6042', '6043', '6045', '6049', '6071', '6077', '6081', '6085', '6097', '6099']",84.79333795231301,95.95950151807355
179,Roosendaal,4702,"['4701', '4702', '4704', '4705', '4706', '4707']",460.0501542130098,215.6812511490808
180,Rosmalen,5241,"['5242', '5232', '5241', '5243', '5244', '5245', '5247']",274.3695745247204,156.04862762528026
181,rotterdam-alexander,3068,"['2908', '3056', '3059', '3067', '3068', '3069']",598.4662135872848,407.82326781099954
182,rotterdam-centraal,3013,"['3011', '3012', '3013', '3014', '3021', '3032', '3033', '3039']",342.5859389361453,1107.0084364241868
183,rotterdam-noord,3036,"['3034', '3035', '3036', '3037', '3051']",1570.8570471393455,1214.1304212918399
184,rotterdam-zuid,3071,"['3011', '3063', '3071', '3072', '3074', '3077']",805.0937623310325,779.8496681584206
185,Santprt N,2071,"['1974', '1971', '1972', '1981', '1985', '1991', '2025', '2026', '2051', '2061', '2071', '2082']",101.48198891749118,290.31863130508344
186,Santprt Z,2082,"['2024', '2025', '2061', '2071', '2082']",159.25773386348675,404.82593597440246
187,sassenheim,2361,"['2158', '2159', '2161', '2171', '2172', '2317', '2318', '2341', '2343', '2352', '2361', '2362']",41.58492907751567,262.65905095704426
188,Schagen,1741,"['1741', '1742', '1751', '1757', '1766', '1768', '1769']",134.78137747216283,35.37338961193493
189,schiedam-centrum,3112,"['3028', '3029', '3044', '3111', '3112', '3113', '3119', '3125']",1275.442824592275,494.3387189674762
190,Schiphol,1118,"['1117', '1118', '1119', '1171', '1175', '1437', '1438', '2131', '2132', '2141', '2143']",0.30821755255126393,34.92973244441993
191,capelle-schollevaar,2907,"['2903', '2905', '2906', '2907', '2908', '2911', '3067']",441.235674432751,435.6100601139477
192,Schothorst,3821,"['3784', '3813', '3815', '3816', '3821', '3822', '3824', '3825', '3829', '3836', '3871']",8.507327262809989,271.96478225815395
193,Scienceprk,1098,"['1093', '1094', '1095', '1097', '1098', '1111']",549.9021472171555,988.2067379710829
194,Sittard,6131,"['6131', '6132', '6133', '6134', '6135', '6136', '6137']",353.37911289863706,233.11576317639916
195,Sloterdijk,1043,"['1014', '1042', '1043', '1044', '1046', '1055', '1061', '1063', '1067']",22.180223824383322,469.30618197958694
196,boskoop-snijdelwijk,2771,"['2391', '2405', '2407', '2409', '2411', '2741', '2742', '2771', '2811']",94.38117966744565,95.51151975488206
197,Soest,3764,"['3768', '3741', '3742', '3761', '3762', '3764', '3765', '3828']",112.02819727030815,232.84736313925
198,Soest Z,3768,"['3768', '3712', '3734', '3764', '3765', '3766', '3769', '3812', '3818', '3819', '3828']",28.681950822046133,143.97303649381658
199,Soestdijk,3761,"['3742', '3743', '3744', '3761', '3762', '3764']",231.21064972596008,209.47432058497543
200,Souburg,4388,"['4335', '4336', '4382', '4386', '4387', '4388', '4389']",346.4225141770661,181.69852027513676
201,Spaarnwde,2031,"['2011', '2021', '2022', '2025', '2031', '2032', '2033', '2063', '2064', '2065']",35.59386750021033,575.4785574337078
202,Sportpark,1213,"['1211', '1212', '1213', '1214', '1215', '1223', '1231', '1251', '3739', '3744', '3749']",36.49346610517616,341.5960692071526
203,Steenwijk,8332,"['8331', '8332', '8345', '8346', '8347']",128.189949396911,67.19338767946354
204,Strijp-S,5621,"['5612', '5617', '5621', '5622', '5624', '5626', '5651']",544.0156837493819,404.6653568041999
205,Terwijde,3544,"['3451', '3454', '3541', '3543', '3544', '3545']",689.1786909512666,276.3342972104794
206,Tiel,4002,"['4001', '4002', '4003', '4004', '4006']",282.5971427678264,211.22917952714852
207,Tilburg,5038,"['5014', '5017', '5021', '5025', '5037', '5038', '5041', '5042']",837.6960384371316,721.6085164338194
208,Tilburg Un,5042,"['5048', '5037', '5038', '5041', '5042', '5044', '5046', '5047', '5049']",489.1072199826526,417.6196964433313
209,waddinxveen-triangel,2742,"['2391', '2731', '2741', '2742', '2743', '2751', '2752', '2761', '2771', '2841']",55.12624220913588,115.36763213810794
210,Twello,7391,"['7384', '7391', '7392', '7395', '7396', '7412', '7419', '7439']",85.12649705280081,96.32307910819867
211,Uitgeest,1911,"['1488', '1489', '1525', '1536', '1562', '1566', '1567', '1902', '1906', '1911', '1921', '1963', '1967']",60.442268542631474,152.74508584697708
212,Utrecht C,3511,"['3511', '3512', '3513', '3514', '3521', '3523', '3531', '3582']",707.5447845897601,988.0157352983935
213,VaartscheR,3511,"['3511', '3512', '3513', '3514', '3521', '3523', '3531', '3582']",707.5447845897601,988.0157352983935
214,Vathorst,3825,"['3751', '3821', '3822', '3823', '3824', '3825', '3826', '3828', '3829']",380.0452117321636,317.826834233676
215,Veenendl C,3904,"['3901', '3903', '3904', '3905', '3906', '3911']",434.6265658125915,326.2492959702151
216,Veenendl W,3906,"['3904', '3905', '3906', '3911', '3927', '3959']",356.6999469226454,195.12173977831173
217,Velp,6881,"['6816', '6824', '6881', '6882', '6883', '6891', '6961', '6991']",85.41903399964386,155.39250085884794
218,Velperprt,6824,"['6822', '6823', '6824', '6825', '6826', '6828', '6881', '6882', '6891']",412.9081963310275,397.55664568614606
219,Venlo,5913,"['5911', '5912', '5913', '5914', '5915', '5916']",321.8040251346227,246.73836965217345
220,Vleuten,3451,"['3451', '3452', '3454', '3455', '3481', '3543', '3544']",161.5597340806419,300.26438272967596
221,Vlissingen,4382,"['4381', '4382', '4383', '4384', '4385', '4386', '4388', '4389']",204.21214020234981,265.4674866491568
222,voorburg,2271,"['2275', '2271', '2272', '2273', '2274', '2491']",627.4292548233349,554.4124947422366
223,voorhout,2215,"['2161', '2171', '2201', '2203', '2211', '2215', '2216', '2231', '2343']",127.50287300881614,216.5769759319993
224,voorschoten,2252,"['2245', '2251', '2252', '2253', '2254', '2261', '2263', '2264', '2265']",142.08391199073122,278.977637089672
225,Vught,5263,"['5261', '5262', '5263', '5264', '5266', '5268']",64.5506687727052,60.93469278730291
226,waddinxveen-noord,2742,"['2391', '2731', '2741', '2742', '2743', '2751', '2752', '2761', '2771', '2841']",55.12624220913588,115.36763213810794
227,waddinxveen,2742,"['2391', '2731', '2741', '2742', '2743', '2751', '2752', '2761', '2771', '2841']",55.12624220913588,115.36763213810794
228,Weert,6006,"['6001', '6002', '6004', '6005', '6006', '6039']",31.41954025279752,99.11297696285385
229,Weesp,1382,"['1109', '1111', '1112', '1381', '1382', '1384', '1398', '1399']",144.33126702264119,106.78168478276781
230,Weidevenne,1448,"['1121', '1441', '1448', '1451', '1456', '1461']",514.1648134230211,187.022959598355
231,Wezep,8091,"['8051', '8091', '8094', '8095', '8096', '8097', '8181', '8191', '8276', '8278']",53.93126229927492,22.899541240578248
232,Wierden,7641,"['7443', '7602', '7604', '7641', '7642', '7645', '7671']",46.83831890709402,52.922084781215176
233,Wijchen,6601,"['6601', '6602', '6603', '6604', '6606', '6615']",280.55438081313366,100.18154755425671
234,Woerden,3446,"['3445', '3446', '3447', '3448', '3461', '3481']",190.87162156712836,108.02665240915901
235,Wolfheze,6874,"['6862', '6718', '6731', '6816', '6861', '6865', '6866', '6871', '6874']",14.717431655926747,53.934621390239805
236,Wolvega,8471,"['8396', '8397', '8398', '8471', '8472', '8474', '8477', '8478', '8487', '8488']",113.90975716989082,22.688750633516708
237,Wormerveer,1521,"['1509', '1521', '1525', '1531', '1534', '1544', '1551', '1561', '1566']",195.6327045620397,164.56156517107507
238,den-haag-ypenburg,2496,"['2491', '2493', '2495', '2496', '2497', '2631', '2632']",366.155692976134,295.41854185532685
239,Zaandam,1506,"['1041', '1044', '1501', '1502', '1505', '1506', '1507', '1508', '1541']",376.0038984827205,358.8870002789588
240,Zaanse S.,1541,"['1506', '1507', '1508', '1509', '1541', '1544', '1551']",352.8321675144352,265.68915480262046
241,Zaltbommel,5301,"['4175', '4176', '4181', '4182', '5301', '5302', '5311', '5314', '5327', '5328']",91.77174941337532,72.01872857832058
242,Zandvoort,2042,"['2041', '2042', '2051', '2114', '2116', '2204']",45.41675875110816,42.235614514443576
243,Zevenbergn,4761,"['4741', '4761', '4762', '4765', '4771', '4782', '4791', '4871', '4874']",81.0477551992713,37.52189527753164
244,zoetermeer,2719,"['2642', '2719', '2641', '2651', '2712', '2713', '2715', '2716', '2718', '2723', '2729']",425.77500442901766,364.63339029133294
245,zoetermeer-oost,2712,"['2719', '2665', '2711', '2712', '2713', '2718', '2722']",252.74937016875103,383.64967005907096
246,Zuilen,3551,"['3532', '3513', '3534', '3551', '3552', '3553']",1040.2058260506453,932.2226186569561
247,Zutphen,7201,"['7201', '7202', '7203', '7204', '7205', '7206']",424.8263419305098,247.98372350664462
248,zwijndrecht,3331,"['3335', '3311', '3316', '3331', '3332', '3333', '3336', '3342', '3343']",507.30960008007264,312.80471895655575
249,Zwolle,8017,"['8011', '8012', '8013', '8014', '8016', '8017', '8019', '8051']",140.84328731397608,271.9436247108177